Year,Month,taMax,taMin,prcp
2006,1,0.6383870967741935,-6.1980645161290315,443.62841999999995
2006,10,9.14258064516129,-1.1945161290322581,73.96037
2006,11,3.429666666666667,-2.4793333333333325,300.92762
2006,12,-0.5635483870967742,-6.551290322580646,580.08197
2006,2,2.836785714285714,-6.36892857142857,295.80008999999995
2006,3,6.840967741935483,-4.378387096774193,72.62325
2006,4,7.712999999999999,-4.347333333333333,80.86238999999999
2006,5,13.809999999999999,0.8012903225806451,51.23453
2006,6,18.93066666666667,3.2479999999999998,20.39537
2006,7,20.637741935483874,6.681290322580647,34.03652
2006,8,22.11225806451613,7.441612903225805,21.160280000000004
2006,9,17.287,3.049666666666668,12.396889999999999
2007,1,-1.5883870967741938,-7.487419354838711,486.64639999999997
2007,10,5.67032258064516,-1.3683870967741933,401.91433000000006
2007,11,1.938666666666666,-3.892333333333334,503.2199800000001
2007,12,-3.6816129032258065,-10.924516129032257,294.06211999999994
2007,2,0.9789285714285715,-6.849642857142856,268.51148
2007,3,1.6554838709677415,-6.148387096774193,246.73271999999997
2007,4,5.961666666666668,-3.8253333333333335,127.41222
2007,5,11.640322580645162,-0.13967741935483832,149.40983
2007,6,16.19366666666667,2.867,24.04014
2007,7,19.93032258064516,5.212258064516129,11.80037
2007,8,20.38612903225807,8.088709677419354,27.60543
2007,9,16.131666666666668,7.3740000000000006,45.31983
2008,1,-4.43,-12.169354838709676,449.89502
2008,10,5.340645161290323,-2.196451612903226,144.87017999999998
2008,11,-0.9260000000000003,-5.9896666666666665,339.94907000000006
2008,12,-6.453548387096772,-14.845161290322585,141.2916
2008,2,4.35103448275862,-5.905862068965518,116.42699
2008,3,4.3106451612903225,-5.3490322580645175,113.99258999999999
2008,4,8.684333333333333,-4.175333333333334,46.265589999999996
2008,5,8.690967741935484,-2.093225806451613,170.37387999999999
2008,6,15.895666666666664,3.3160000000000003,26.38977
2008,7,22.65032258064516,7.257096774193549,23.83592
2008,8,18.95935483870967,6.727419354838708,18.582169999999998
2008,9,16.382666666666665,3.9990000000000006,66.84007
2009,1,1.1035483870967742,-5.526774193548387,442.73303000000004
2009,10,13.345161290322578,1.439999999999999,135.43051
2009,11,-0.10199999999999994,-6.766666666666666,466.73292
2009,12,0.9854838709677419,-5.303870967741937,460.78893
2009,2,3.893571428571428,-6.81857142857143,14.8269
2009,3,4.278387096774194,-5.444193548387095,129.95480999999998
2009,4,4.731333333333334,-4.536333333333333,218.27509
2009,5,12.118064516129033,0.865483870967742,90.05360000000002
2009,6,15.543666666666669,4.080666666666667,55.5408
2009,7,21.621612903225802,6.886129032258064,15.419820000000001
2009,8,19.84451612903226,5.560645161290324,6.805230000000001
2009,9,17.135,5.539666666666667,61.43685
2010,1,1.923548387096774,-5.770645161290324,373.73842
2010,10,3.2470967741935493,-3.1012903225806445,229.27963000000005
2010,11,0.5333333333333335,-5.401666666666666,385.66431000000006
2010,12,-6.930322580645162,-15.043225806451611,247.23686
2010,2,2.9771428571428564,-5.990714285714284,202.22880999999995
2010,3,4.440322580645161,-5.3190322580645155,253.80148999999997
2010,4,8.804333333333336,-3.0050000000000003,91.31836
2010,5,14.050967741935485,-0.43483870967741917,42.93532
2010,6,18.262,3.6853333333333333,33.717639999999996
2010,7,20.219354838709684,6.098064516129032,27.551460000000002
2010,8,18.59548387096774,5.9077419354838705,73.59083000000001
2010,9,14.361333333333333,4.952333333333333,134.62651
2011,1,-0.8341935483870969,-7.375483870967741,556.38341
2011,10,7.964516129032258,-0.12645161290322585,207.09010999999998
2011,11,1.366,-3.9203333333333332,296.0868799999999
2011,12,-1.973225806451613,-7.381612903225804,393.24651
2011,2,-1.1114285714285714,-8.831785714285715,293.74878999999993
2011,3,0.7783870967741935,-6.739354838709678,308.7674600000001
2011,4,5.491666666666665,-4.3663333333333325,93.46839
2011,5,10.564516129032262,-2.411290322580645,47.5861
2011,6,18.859333333333336,4.321000000000001,24.958409999999997
2011,7,20.153225806451616,5.726774193548386,27.194839999999996
2011,8,20.48258064516129,7.4403225806451605,34.123259999999995
2011,9,14.799666666666665,2.855333333333333,41.193720000000006
2012,1,0.3493548387096774,-5.838709677419355,505.3347300000001
2012,10,7.51451612903226,0.3074193548387098,235.2788
2012,11,3.220333333333334,-2.854,344.82766999999996
2012,12,0.3032258064516129,-5.6870967741935505,607.7736900000001
2012,2,3.0820689655172413,-5.459310344827586,93.561
2012,3,5.039677419354838,-4.255161290322581,194.91320000000002
2012,4,7.104,-2.6740000000000004,113.79445999999999
2012,5,11.995806451612903,0.9903225806451614,100.46285000000002
2012,6,23.424666666666663,7.871333333333334,8.260200000000001
2012,7,24.047741935483867,8.581290322580646,29.508469999999996
2012,8,21.660322580645154,8.171612903225807,134.65383
2012,9,13.764333333333333,1.9469999999999996,59.75123
2013,1,-2.0293548387096774,-8.71322580645161,276.95976
2013,10,10.845483870967737,1.5006451612903224,100.61556
2013,11,-0.903,-6.256333333333333,420.0698000000001
2013,12,-2.5474193548387096,-9.259032258064517,138.60444000000004
2013,2,4.067857142857143,-5.010357142857143,142.31463
2013,3,7.013870967741934,-3.0551612903225815,269.68913000000003
2013,4,6.089333333333333,-4.551333333333333,97.81751
2013,5,14.031935483870965,-1.499032258064516,18.050060000000002
2013,6,19.13366666666667,3.4106666666666667,19.2499
2013,7,19.67,6.765806451612901,44.95295999999999
2013,8,22.017419354838708,9.190967741935482,10.381170000000001
2013,9,18.853666666666673,4.368666666666667,17.982509999999998
2014,1,-0.4906451612903233,-7.853225806451611,245.25401
2014,10,11.02322580645161,1.543870967741936,79.46412
2014,11,-0.6236666666666667,-7.680333333333333,61.586580000000005
2014,12,0.7196774193548384,-5.4164516129032245,220.00313
2014,2,0.6560714285714285,-7.508928571428572,35.91459
2014,3,4.899032258064518,-3.2248387096774196,214.40204000000003
2014,4,9.879,-1.6176666666666668,89.9555
2014,5,13.73193548387097,1.4022580645161289,66.53008000000001
2014,6,15.973666666666668,1.8386666666666664,18.976470000000003
2014,7,23.292258064516133,8.059677419354838,8.26805
2014,8,20.428709677419352,6.544838709677419,14.71092
2014,9,16.344333333333335,3.1179999999999994,39.79215
2015,1,-1.4196774193548387,-7.40483870967742,313.79582999999997
2015,10,10.280967741935482,-0.7722580645161291,69.86233
2015,11,0.9139999999999998,-5.7956666666666665,342.32629000000003
2015,12,0.457741935483871,-6.9393548387096775,637.4023400000001
2015,2,-0.462857142857143,-8.213214285714285,351.01543
2015,3,5.774516129032259,-4.136774193548388,233.55982000000003
2015,4,10.153666666666668,-2.638666666666666,60.651059999999994
2015,5,11.946451612903225,1.050322580645161,109.88427000000001
2015,6,18.400333333333332,6.009666666666665,37.65480000000001
2015,7,25.60322580645161,9.46322580645161,7.41264
2015,8,18.296451612903226,7.972903225806452,59.94533000000002
2015,9,14.574333333333334,3.1183333333333336,59.54335
2016,1,0.587741935483871,-5.692258064516128,705.08692
2016,10,7.815806451612904,-0.2664516129032257,417.35893999999996
2016,11,1.4080000000000004,-4.454666666666666,245.32625
2016,12,-6.146451612903226,-12.663225806451612,163.10331
2016,2,1.6427586206896554,-5.620344827586207,507.7822
2016,3,2.048387096774194,-5.835483870967744,369.67176000000006
2016,4,6.975,-3.0676666666666663,233.89622999999997
2016,5,14.263225806451612,-0.24870967741935487,9.74992
2016,6,19.207666666666668,4.6066666666666665,20.55389
2016,7,22.470967741935485,6.752258064516129,7.30139
2016,8,21.228387096774192,8.049032258064518,17.36321
2016,9,13.566666666666665,2.7516666666666665,121.84240000000001
2017,1,1.9687096774193549,-4.881935483870968,428.9587700000001
2017,10,6.062258064516131,-0.7303225806451612,242.45713999999998
2017,11,-0.739,-6.515000000000002,274.62359000000004
2017,12,-5.739032258064517,-12.622903225806452,463.8978
2017,2,1.4771428571428569,-6.865000000000001,58.62851
2017,3,2.9406451612903224,-6.196774193548387,378.3777599999999
2017,4,6.601000000000001,-5.359,57.72569
2017,5,12.907419354838712,0.9519354838709677,44.934309999999996
2017,6,19.07466666666667,5.684333333333332,68.5226
2017,7,23.113225806451613,8.306451612903224,28.949409999999997
2017,8,22.015806451612907,7.871612903225806,96.96682000000001
2017,9,13.45566666666667,4.090333333333332,76.20891999999999
2018,1,-2.3661290322580637,-10.709999999999999,263.22082
2018,10,13.179032258064519,1.4841935483870972,34.32587
2018,11,2.4406666666666674,-2.7843333333333335,359.8989899999999
2018,12,-1.8990322580645165,-8.621935483870967,324.08203999999995
2018,2,-1.3557142857142854,-9.186785714285715,117.71011999999999
2018,3,3.3290322580645157,-5.336129032258064,231.78717
2018,4,5.903666666666666,-6.034666666666666,112.05522000000002
2018,5,12.067419354838712,1.264516129032258,73.40598999999999
2018,6,17.53633333333334,5.120333333333335,102.94563000000001
2018,7,23.208064516129028,8.876129032258065,19.79026
2018,8,20.192258064516132,5.324193548387097,4.45254
2018,9,19.997000000000003,6.693,21.450889999999998
2019,1,2.940645161290322,-2.45,472.49764
2019,10,7.572258064516129,-0.8125806451612902,194.27437999999998
2019,11,-0.30766666666666675,-5.507,321.23482
2019,12,-3.6629032258064513,-11.350322580645162,252.51788
2019,2,4.980714285714285,-5.056785714285715,28.08148
2019,3,6.476129032258066,-2.6341935483870973,150.73146999999997
2019,4,7.073999999999998,-2.561333333333333,138.98187000000001
2019,5,15.092258064516129,1.8025806451612907,55.34585
2019,6,16.815333333333335,4.789666666666667,70.50053999999999
2019,7,25.277741935483874,9.501290322580644,7.56834
2019,8,21.40258064516129,8.044838709677418,43.006299999999996
2019,9,15.481000000000002,4.422,183.79096
2020,1,0.33709677419354833,-6.145161290322581,630.45632
2020,10,6.196129032258065,-0.1441935483870967,197.84490000000002
2020,11,1.4713333333333334,-5.638000000000001,198.78079
2020,12,-0.6641935483870968,-7.383870967741936,417.8640299999999
2020,2,2.1837931034482763,-5.901724137931034,324.8035
2020,3,2.6096774193548393,-5.740967741935484,429.57831999999996
2020,4,3.589666666666667,-5.734,175.89859
2020,5,11.33774193548387,-0.4583870967741934,51.28594000000001
2020,6,16.612000000000002,4.298333333333332,76.42318
2020,7,20.585161290322585,6.389677419354838,18.89141
2020,8,19.830322580645163,6.184516129032258,7.98338
2020,9,16.718000000000004,4.100666666666666,9.044599999999999
2021,1,-1.7448387096774192,-8.53741935483871,208.11516000000003
2021,10,9.49548387096774,1.2067741935483876,117.00174999999999
2021,11,2.319666666666666,-4.0760000000000005,351.6728200000001
2021,12,-7.159354838709677,-15.012580645161293,99.05506000000001
2021,2,-0.28392857142857075,-8.7975,139.00565
2021,3,7.620322580645161,-3.6383870967741934,90.35721999999998
2021,4,7.493333333333334,-3.3466666666666667,120.37864000000002
2021,5,15.444193548387098,1.2593548387096771,93.12299
2021,6,16.345000000000002,3.1606666666666663,54.79185000000001
2021,7,23.24096774193549,7.311935483870968,9.6299
2021,8,21.74677419354839,6.919677419354838,7.49002
2021,9,14.655666666666665,2.243666666666667,48.49328
2022,1,-1.4190322580645156,-7.6264516129032245,619.1575799999996
2022,10,12.58967741935484,0.29935483870967766,37.38678
2022,11,1.6343333333333334,-3.739,414.67399
2022,12,0.27548387096774196,-6.124193548387097,293.75541999999996
2022,2,2.388214285714286,-5.153214285714287,318.25930999999997
2022,3,3.5829032258064513,-5.941290322580645,57.7404
2022,4,7.801666666666665,-2.8753333333333333,250.97439000000003
2022,5,14.13903225806452,0.8158064516129034,22.182479999999998
2022,6,20.511,3.561333333333333,2.21225
2022,7,22.65483870967742,7.681290322580643,10.77412
2022,8,22.78032258064516,7.972903225806452,8.81593
2022,9,15.745999999999999,4.700666666666667,41.57496999999999
2023,1,1.7783870967741937,-4.949032258064516,56.193729999999995
2023,10,6.790645161290323,-1.44,119.39278
2023,11,-0.259,-5.406333333333333,333.71253
2023,12,-1.6941935483870967,-7.37483870967742,313.68737
2023,2,4.281785714285715,-3.117857142857143,290.15374
2023,3,4.208709677419355,-5.141290322580643,218.37122000000002
2023,4,12.092666666666666,-1.7270000000000008,31.276540000000004
2023,5,13.837096774193547,0.9870967741935485,151.97918000000004
2023,6,20.67266666666667,5.571999999999999,22.25442
2023,7,20.399354838709673,6.153225806451613,7.638920000000001
2023,8,22.91548387096774,8.70516129032258,11.93909
2023,9,17.578333333333333,3.6280000000000014,21.50479
2024,1,2.084516129032258,-5.236129032258064,678.47786
2024,10,9.662258064516127,2.0522580645161286,242.29246999999998
2024,11,2.009,-4.386,294.03808999999995
2024,12,-2.0100000000000002,-8.546129032258065,494.33911
2024,2,1.133103448275862,-7.9734482758620695,195.22736000000003
2024,3,5.327419354838711,-3.830322580645161,463.09728
2024,4,11.018333333333333,-1.2556666666666667,51.462749999999986
2024,5,13.5758064516129,0.32032258064516134,61.410790000000006
2024,6,18.665666666666667,5.101333333333334,52.56285
2024,7,23.135806451612904,8.286129032258065,21.416490000000003
2024,8,24.11258064516129,9.587096774193547,6.456829999999998
2024,9,17.630000000000003,5.38,47.4924
2025,1,-1.1958064516129032,-7.032903225806452,446.52112999999997
2025,10,6.586451612903225,0.7854838709677419,439.30170000000004
2025,11,-0.7940000000000003,-7.919333333333332,29.890430000000006
2025,12,-4.271935483870969,-11.476774193548387,602.2858700000002
2025,2,-0.22892857142857131,-7.783214285714285,262.03099000000003
2025,3,6.163870967741934,-3.7590322580645164,357.3568900000001
2025,4,8.945666666666666,-2.499,76.66964
2025,5,11.878064516129033,-0.18612903225806457,85.88268
2025,6,18.240000000000002,3.9799999999999995,25.594679999999997
2025,7,21.134193548387096,6.687741935483872,2.69444
2025,8,20.451290322580647,6.163548387096774,1.45795
2025,9,16.833000000000002,2.981,16.356499999999997
2026,1,1.8825806451612905,-3.6761290322580638,920.3323700000001
2026,10,9.058387096774197,0.09451612903225799,166.81305
2026,11,3.1293333333333333,-2.537333333333333,141.87795000000003
2026,12,-6.104193548387096,-14.798064516129031,103.73916
2026,2,-3.0103571428571434,-10.717500000000001,197.91784999999993
2026,3,3.5993548387096777,-4.775161290322581,251.69128999999998
2026,4,5.983666666666666,-3.9029999999999987,176.10096
2026,5,10.38258064516129,-1.2954838709677423,71.96235
2026,6,17.964666666666666,3.6139999999999994,22.2958
2026,7,22.835806451612903,7.307741935483871,1.24253
2026,8,22.749354838709678,7.545161290322579,2.0022
2026,9,12.651,2.765666666666667,122.82908
2027,1,-0.818709677419355,-8.141935483870968,145.83323000000001
2027,10,11.903548387096771,0.08548387096774218,40.200100000000006
2027,11,2.675333333333333,-4.234333333333334,681.1545699999999
2027,12,-4.299354838709677,-11.951935483870965,221.88374999999996
2027,2,1.9767857142857146,-7.19642857142857,209.8632
2027,3,2.8006451612903223,-5.935161290322581,230.69106
2027,4,14.296666666666665,-1.6676666666666666,19.0345
2027,5,14.092258064516127,-0.2629032258064517,37.61336999999999
2027,6,19.786333333333342,2.7226666666666666,7.81584
2027,7,20.805483870967745,6.97709677419355,13.01296
2027,8,25.297419354838702,9.510645161290324,2.35919
2027,9,17.403333333333332,4.433999999999999,46.35048
2028,1,1.0122580645161292,-5.8332258064516145,347.04783000000003
2028,10,9.179032258064517,0.14290322580645157,132.44857
2028,11,2.707666666666667,-3.3613333333333335,386.96354999999994
2028,12,-7.110645161290323,-14.423870967741935,360.95133
2028,2,3.1124137931034483,-4.268965517241378,429.6159800000001
2028,3,9.667741935483873,-1.7341935483870972,76.81621
2028,4,8.662333333333333,-1.2936666666666665,149.12609
2028,5,14.000000000000004,0.005806451612903202,41.01168
2028,6,15.858999999999998,4.809666666666667,75.17039
2028,7,22.952258064516133,8.715483870967741,23.467079999999996
2028,8,24.21032258064516,9.96516129032258,11.79559
2028,9,18.576666666666668,6.464666666666669,76.00173000000001
2029,1,1.7022580645161287,-4.1409677419354844,505.23055999999997
2029,10,9.429999999999998,0.5012903225806453,111.82532
2029,11,1.8626666666666665,-3.699333333333334,482.2073299999999
2029,12,-2.0648387096774194,-9.305161290322584,126.68654000000002
2029,2,4.269285714285714,-4.958928571428573,393.38537
2029,3,6.434516129032257,-3.4919354838709666,127.13247000000001
2029,4,10.257000000000001,-1.554,88.13417
2029,5,9.806774193548387,-1.2125806451612904,87.37680999999998
2029,6,18.293333333333333,5.744666666666666,90.40641
2029,7,23.856774193548393,9.91677419354839,20.487420000000004
2029,8,24.73677419354839,9.475483870967743,13.816460000000001
2029,9,15.581333333333333,4.219333333333334,77.24295000000001
2030,1,0.013870967741935417,-7.048387096774193,359.4192400000001
2030,10,12.596451612903227,4.218709677419356,94.59452999999999
2030,11,-1.076,-7.298666666666667,340.95825
2030,12,-5.804193548387096,-12.839677419354837,193.07655000000003
2030,2,1.9549999999999998,-7.149642857142858,40.52234999999999
2030,3,8.539354838709677,-1.9096774193548394,212.17242
2030,4,8.499999999999998,-3.732666666666667,51.30492
2030,5,18.449032258064513,3.785161290322581,48.26881999999999
2030,6,16.125666666666664,4.886333333333332,58.32446999999999
2030,7,16.66290322580645,7.10483870967742,40.79216000000002
2030,8,23.68935483870968,8.701612903225808,4.29227
2030,9,19.598333333333336,7.071,120.86229999999999
2031,1,-3.5093548387096773,-10.88258064516129,551.789
2031,10,8.142258064516131,-0.9703225806451611,95.60261
2031,11,2.082,-3.846666666666667,504.0657000000001
2031,12,-7.054838709677418,-15.33516129032258,158.78860000000003
2031,2,2.1475,-6.102142857142858,131.18598
2031,3,3.3058064516129035,-5.069354838709677,242.82013999999995
2031,4,7.450000000000003,-2.571,103.15364999999997
2031,5,13.222258064516133,0.9351612903225807,43.947950000000006
2031,6,19.365000000000002,5.267666666666668,8.82165
2031,7,23.375483870967738,7.7948387096774185,15.8555
2031,8,22.82483870967742,7.059032258064516,2.56757
2031,9,15.979999999999997,3.7960000000000003,39.13149
2032,1,-3.391290322580645,-10.411290322580642,439.59894999999983
2032,10,11.386451612903226,-0.1951612903225806,179.16918999999996
2032,11,-1.3523333333333334,-7.595,347.58146
2032,12,-3.9348387096774196,-12.89516129032258,113.81486999999998
2032,2,1.0358620689655174,-5.81,258.67637
2032,3,4.63516129032258,-4.51516129032258,429.26420000000013
2032,4,6.719666666666666,-1.7180000000000002,290.85415
2032,5,11.650645161290322,0.050967741935483785,81.64585
2032,6,18.651666666666667,4.739333333333334,33.787929999999996
2032,7,27.154838709677417,11.184193548387094,1.5016599999999998
2032,8,22.23612903225806,9.675483870967742,46.98005
2032,9,19.32866666666667,7.073333333333334,36.81494
2033,1,-1.1290322580645162,-8.035483870967742,182.1579
2033,10,10.69193548387097,0.01967741935483874,219.95074
2033,11,3.1693333333333324,-3.1956666666666673,426.68643000000003
2033,12,-3.7090322580645165,-10.557419354838709,243.55470999999997
2033,2,0.2878571428571425,-8.957500000000001,241.98604999999998
2033,3,6.5670967741935495,-3.406774193548386,181.52001
2033,4,7.4490000000000025,-1.5146666666666666,145.33734
2033,5,13.26032258064516,-0.6722580645161291,20.22511
2033,6,20.766333333333325,5.623333333333333,32.07798
2033,7,26.935161290322586,11.723870967741933,35.4525
2033,8,24.401935483870965,9.873225806451615,2.56185
2033,9,19.290666666666667,6.063000000000002,7.82015
2034,1,3.5183870967741937,-1.8687096774193548,584.76302
2034,10,8.736451612903227,0.49806451612903235,291.81241
2034,11,1.5509999999999995,-4.198333333333333,286.88131999999996
2034,12,-3.3919354838709674,-10.920967741935486,589.4272100000001
2034,2,6.92857142857143,-3.588214285714286,92.62146999999999
2034,3,3.931612903225807,-4.83967741935484,147.85215000000002
2034,4,14.146999999999998,-0.6433333333333332,41.08588999999999
2034,5,13.72967741935484,1.2096774193548387,37.557520000000004
2034,6,20.53966666666667,5.714666666666668,9.349460000000002
2034,7,22.347096774193545,7.034193548387098,27.85626
2034,8,21.187741935483878,9.512258064516129,74.74812
2034,9,17.917000000000005,5.533333333333333,26.73456
2035,1,-1.189677419354839,-7.745806451612904,371.0855399999999
2035,10,9.726451612903228,2.109354838709677,251.2132
2035,11,-1.0343333333333333,-7.267333333333331,74.53545
2035,12,-1.3738709677419356,-6.951612903225805,329.67426
2035,2,2.6832142857142856,-4.459285714285714,300.84478
2035,3,4.19774193548387,-5.080322580645162,234.23968999999994
2035,4,6.597333333333333,-5.096666666666667,74.53229
2035,5,13.363225806451613,1.3096774193548386,45.54381000000001
2035,6,17.844333333333335,6.642666666666667,46.29543
2035,7,23.253225806451617,8.880967741935484,12.376090000000001
2035,8,24.293225806451613,8.815806451612904,5.84349
2035,9,17.252333333333336,6.456999999999999,46.553050000000006
2036,1,-3.1906451612903237,-10.051935483870963,437.5221399999999
2036,10,6.0383870967741915,-1.5916129032258062,178.90646
2036,11,3.481666666666667,-2.6916666666666673,287.1777200000001
2036,12,-1.345483870967742,-7.950967741935483,405.50231
2036,2,2.9489655172413793,-5.229310344827587,477.64273
2036,3,7.529354838709677,-2.2367741935483862,216.11423
2036,4,10.999333333333333,-1.2803333333333338,71.58828000000001
2036,5,13.16709677419355,1.6929032258064516,190.07105
2036,6,14.256333333333334,6.395333333333334,147.25558999999998
2036,7,21.868387096774196,9.061935483870966,94.16795
2036,8,23.998709677419352,9.925161290322581,14.489210000000002
2036,9,16.676666666666666,3.960333333333334,108.63931
2037,1,-0.7270967741935483,-7.557096774193548,101.91863
2037,10,9.137741935483875,0.16870967741935486,142.76414
2037,11,3.656,-1.873666666666667,309.81182999999993
2037,12,-1.9874193548387096,-9.038709677419357,149.50960000000003
2037,2,3.9789285714285723,-6.11607142857143,96.98523
2037,3,7.703870967741937,-3.9667741935483867,43.78279999999999
2037,4,11.273666666666665,-2.1973333333333334,61.46127
2037,5,18.10903225806452,2.8103225806451615,62.16486
2037,6,17.292999999999996,5.755,47.847559999999994
2037,7,23.621612903225802,9.490967741935485,33.553520000000006
2037,8,24.023225806451606,8.469032258064518,26.23633
2037,9,16.884,6.620333333333333,77.46486999999999
2038,1,1.2922580645161292,-4.659032258064516,464.33523
2038,10,5.357096774193549,-0.9883870967741936,245.80048
2038,11,0.8356666666666664,-4.527,199.90759999999997
2038,12,-1.7845161290322584,-9.549999999999999,210.36732000000006
2038,2,1.7296428571428575,-5.4246428571428575,292.71529
2038,3,5.569354838709677,-3.91258064516129,201.08566000000002
2038,4,10.617999999999999,-3.4593333333333325,73.81793
2038,5,14.362903225806454,1.6780645161290324,58.91018
2038,6,17.158666666666665,5.110999999999999,45.042320000000004
2038,7,22.994516129032252,8.59709677419355,17.189249999999998
2038,8,24.073225806451614,9.309354838709679,16.057789999999997
2038,9,13.063,4.061999999999999,91.67411000000001
2039,1,4.300967741935484,-4.2529032258064525,418.0866
2039,10,12.797096774193552,2.556774193548387,21.81883
2039,11,1.1620000000000006,-5.408666666666666,190.5281
2039,12,-1.713548387096774,-7.764516129032256,225.98765000000006
2039,2,3.163928571428572,-5.2614285714285725,399.7225
2039,3,5.521612903225807,-3.5316129032258057,339.27028999999993
2039,4,6.696999999999998,-2.7453333333333325,163.35643
2039,5,16.74774193548387,1.0216129032258063,22.114650000000005
2039,6,20.077333333333335,5.819999999999999,18.13655
2039,7,25.279032258064515,10.236451612903227,26.59805
2039,8,23.20677419354839,8.87516129032258,17.487379999999998
2039,9,14.797333333333333,3.1053333333333337,134.53212
2040,1,4.019032258064517,-2.993870967741936,303.85777
2040,10,9.516774193548386,1.787096774193548,128.71341999999999
2040,11,1.0393333333333332,-4.993666666666668,370.25386999999995
2040,12,-1.808064516129032,-8.450322580645162,314.63897000000003
2040,2,6.197241379310346,-2.5517241379310334,124.45056
2040,3,9.525806451612903,-1.785483870967742,70.41126
2040,4,8.638666666666667,-2.525666666666667,57.64237
2040,5,12.646774193548389,3.129999999999999,159.05758
2040,6,14.648666666666667,2.268,32.195609999999995
2040,7,20.826129032258063,7.920645161290323,58.96318
2040,8,21.728387096774192,7.8241935483870995,13.373320000000001
2040,9,16.860333333333337,5.9653333333333345,55.70324
2041,1,1.496774193548387,-4.791290322580644,340.87153000000006
2041,10,9.602580645161293,-2.5680645161290325,77.23891
2041,11,4.298333333333334,-2.1206666666666667,230.13823000000005
2041,12,0.4312903225806456,-9.371290322580647,71.9481
2041,2,2.2910714285714286,-6.78,61.751349999999995
2041,3,1.5074193548387098,-6.115483870967741,329.06038
2041,4,4.509666666666666,-4.548,280.95245
2041,5,13.030322580645164,-1.030322580645161,21.669079999999997
2041,6,17.535666666666668,3.823,21.641070000000006
2041,7,24.141612903225806,8.26516129032258,7.39671
2041,8,24.711935483870967,9.853225806451615,17.669690000000003
2041,9,17.85,4.028666666666667,16.94091
2042,1,-0.10064516129032255,-7.092258064516129,278.70395
2042,10,9.409032258064515,-0.12161290322580652,187.59693
2042,11,1.7596666666666672,-5.498666666666668,581.0395300000001
2042,12,-0.13935483870967705,-5.572258064516131,527.0839000000001
2042,2,3.960714285714285,-5.647142857142859,160.43407000000002
2042,3,5.2625806451612895,-4.304838709677419,308.1583399999999
2042,4,9.151333333333332,-2.562,95.51742000000002
2042,5,15.340967741935481,1.3516129032258064,29.237629999999992
2042,6,13.125999999999998,3.946666666666667,158.48609000000002
2042,7,23.778064516129028,11.007096774193547,32.56091
2042,8,25.54064516129032,10.735806451612902,2.31449
2042,9,18.166999999999998,3.778,20.62189
2043,1,4.047741935483871,-1.3093548387096776,437.82417999999996
2043,10,9.325806451612905,-0.05741935483870967,412.82901
2043,11,1.849333333333333,-4.697,245.36554999999998
2043,12,-0.16322580645161291,-6.541935483870967,339.51021
2043,2,5.3585714285714285,-3.368571428571429,117.99765
2043,3,8.7858064516129,-2.0199999999999996,186.41287000000003
2043,4,10.02966666666667,-1.8603333333333336,78.68278000000001
2043,5,13.467096774193548,-0.25258064516129025,43.662200000000006
2043,6,19.282,5.543000000000002,55.97478000000001
2043,7,24.597741935483867,8.851612903225806,23.676159999999996
2043,8,22.812258064516136,7.709999999999999,13.766490000000001
2043,9,18.889666666666667,5.800333333333333,9.24865
2044,1,3.4970967741935493,-1.853548387096774,547.2066400000001
2044,10,8.848064516129035,1.4429032258064516,236.03996999999998
2044,11,3.251,-3.9633333333333325,177.37581000000003
2044,12,1.2622580645161292,-4.735161290322582,386.42211999999995
2044,2,7.51448275862069,-2.547931034482759,459.0153900000001
2044,3,4.799677419354839,-5.090322580645162,239.55764
2044,4,8.059333333333335,-2.898333333333334,121.32694999999997
2044,5,17.52774193548387,4.21741935483871,24.657829999999997
2044,6,21.233666666666668,7.541999999999999,33.97424000000001
2044,7,28.191290322580652,11.057741935483866,1.36507
2044,8,22.606129032258067,7.307419354838712,19.52839
2044,9,16.164999999999992,5.5859999999999985,102.15807000000001
2045,1,-0.9887096774193546,-6.978064516129032,267.28699
2045,10,11.14709677419355,3.4503225806451616,54.667719999999996
2045,11,3.8006666666666664,-3.1836666666666673,177.37543
2045,12,1.8345161290322576,-4.8999999999999995,280.25475
2045,2,3.4142857142857137,-5.922857142857143,88.95960999999998
2045,3,7.146451612903225,-1.9009677419354836,181.83160999999993
2045,4,7.489333333333334,-3.596333333333334,173.56604000000002
2045,5,10.765161290322581,-1.0625806451612902,79.81932000000002
2045,6,17.237000000000005,4.508666666666666,37.52342000000001
2045,7,21.070645161290326,9.088709677419354,23.464170000000003
2045,8,23.782580645161286,9.290645161290325,15.30583
2045,9,15.737333333333334,5.323333333333333,122.56880000000001
2046,1,0.6641935483870969,-5.654193548387097,684.5568800000001
2046,10,7.634516129032258,-0.0625806451612901,351.93456
2046,11,1.3976666666666664,-4.547666666666668,380.4433100000001
2046,12,-2.472903225806452,-8.128064516129031,475.89917999999994
2046,2,-1.6242857142857143,-9.007857142857144,256.91821000000004
2046,3,3.2867741935483874,-4.88258064516129,231.41172000000006
2046,4,5.056333333333333,-4.4670000000000005,148.10262
2046,5,10.779354838709676,-1.5016129032258068,131.40442
2046,6,19.481666666666666,4.238,40.25792
2046,7,24.022258064516127,8.176129032258064,7.56682
2046,8,22.957741935483874,8.33774193548387,6.67654
2046,9,18.837,5.697,54.328700000000005
2047,1,-1.3938709677419356,-7.5048387096774185,198.69711999999998
2047,10,10.605806451612905,2.3264516129032256,91.68079999999999
2047,11,1.513666666666667,-3.183,676.3708700000001
2047,12,-1.8012903225806454,-8.079354838709678,356.22131999999993
2047,2,1.7064285714285716,-6.782142857142856,147.67705999999998
2047,3,5.815806451612904,-4.307096774193549,418.88730000000004
2047,4,6.313666666666666,-4.347333333333332,134.59992999999997
2047,5,16.2558064516129,1.5225806451612907,23.669780000000003
2047,6,17.384333333333334,3.4666666666666663,41.89328
2047,7,29.191935483870974,13.048709677419353,33.87104999999999
2047,8,23.369032258064514,9.006129032258062,30.139839999999996
2047,9,19.32966666666667,6.018666666666665,19.588569999999997
2048,1,0.1890322580645162,-5.990322580645161,739.2748300000001
2048,10,7.205483870967739,0.06161290322580649,359.5621099999999
2048,11,1.5893333333333333,-3.4250000000000003,277.57619
2048,12,2.5506451612903223,-3.4829032258064516,564.33489
2048,2,1.8113793103448275,-7.387931034482759,117.87521
2048,3,2.728064516129032,-5.044838709677419,271.4834
2048,4,6.391000000000002,-4.090999999999999,157.77063999999996
2048,5,14.550645161290321,1.3696774193548384,94.21060000000001
2048,6,19.766333333333332,6.082666666666667,30.543870000000002
2048,7,24.919999999999998,9.126129032258065,9.712470000000001
2048,8,23.31935483870968,9.939354838709678,18.796129999999998
2048,9,19.156000000000006,4.941,12.929559999999999
2049,1,-0.4329032258064517,-7.330967741935485,95.00204999999998
2049,10,15.313870967741938,2.2941935483870974,24.39119
2049,11,3.569333333333334,-2.5323333333333333,253.68242
2049,12,-0.09225806451612904,-6.077419354838708,393.46194999999994
2049,2,1.1214285714285714,-7.6621428571428565,102.41382000000002
2049,3,6.539032258064516,-4.453225806451612,108.32615999999999
2049,4,10.161333333333333,-1.3069999999999997,116.53517
2049,5,14.029999999999998,1.9003225806451614,99.66354999999999
2049,6,21.465333333333326,6.815666666666666,36.53559
2049,7,25.0416129032258,8.531290322580647,18.79421
2049,8,24.464516129032265,9.059677419354841,11.5728
2049,9,20.300333333333338,7.685999999999999,24.1248
2050,1,-0.17,-6.199032258064515,359.68757999999997
2050,10,11.679677419354839,1.5590322580645162,123.34582999999999
2050,11,5.138666666666667,-2.199,140.52729
2050,12,0.6090322580645163,-5.210322580645162,322.35819
2050,2,-1.1089285714285713,-9.061071428571427,76.76122000000002
2050,3,7.405483870967743,-3.9012903225806457,94.90992999999997
2050,4,13.032333333333334,-0.3459999999999996,52.15831999999999
2050,5,13.03774193548387,1.0525806451612905,60.108230000000006
2050,6,18.454,6.156333333333333,88.08191
2050,7,25.905806451612904,10.92741935483871,34.76606
2050,8,24.448064516129037,10.515806451612903,30.15942
2050,9,16.05233333333333,6.471999999999999,103.12644
2051,1,0.683548387096774,-5.526451612903225,143.04296000000005
2051,10,4.903548387096774,-1.619677419354838,98.67379000000001
2051,11,1.8536666666666666,-4.273,282.10428
2051,12,1.1390322580645167,-5.788709677419354,321.76667000000003
2051,2,-1.0007142857142857,-8.656428571428572,298.51669000000004
2051,3,4.635806451612902,-4.951290322580645,232.98184999999998
2051,4,10.157666666666666,-3.946666666666667,67.96499
2051,5,13.460645161290325,1.2729032258064517,71.30454
2051,6,22.19366666666667,7.560666666666667,8.9624
2051,7,25.347741935483874,11.162580645161292,15.709700000000002
2051,8,23.724193548387095,8.586774193548388,4.167879999999999
2051,9,18.904000000000003,6.019999999999999,19.970729999999996
2052,1,2.2793548387096774,-3.488387096774193,385.29988999999995
2052,10,11.296129032258065,2.7990322580645164,175.54121999999998
2052,11,4.219333333333332,-1.8383333333333334,344.2903600000001
2052,12,0.9596774193548386,-5.274516129032258,288.54613000000006
2052,2,6.672068965517239,-2.8355172413793106,359.97740000000005
2052,3,7.301612903225806,-3.0029032258064503,150.79861999999994
2052,4,9.965000000000002,-2.2503333333333333,91.28856
2052,5,15.731290322580648,2.229677419354839,42.23836
2052,6,18.985666666666667,6.649000000000002,135.10585
2052,7,23.695806451612906,9.319999999999999,11.727170000000001
2052,8,26.834516129032256,10.414193548387098,9.672749999999999
2052,9,18.542999999999996,7.793666666666668,57.64328000000001
2053,1,2.592258064516129,-3.6987096774193557,529.8486900000001
2053,10,10.90548387096774,2.2129032258064534,172.25846
2053,11,1.4743333333333335,-4.5873333333333335,593.2389000000002
2053,12,2.544193548387096,-3.4267741935483875,591.36028
2053,2,5.329285714285715,-2.9639285714285712,97.09700000000001
2053,3,7.211935483870969,-4.228064516129031,88.77151
2053,4,8.870000000000001,-2.1090000000000004,94.02562999999998
2053,5,13.956774193548387,2.145806451612903,78.87048999999998
2053,6,21.505000000000003,7.725666666666667,68.55373999999999
2053,7,22.943870967741933,9.798064516129031,25.415809999999993
2053,8,22.241935483870964,9.246129032258066,18.573819999999998
2053,9,15.058333333333334,4.498333333333332,71.02794999999999
2054,1,-0.3132258064516129,-6.619999999999999,226.49707999999998
2054,10,10.004838709677419,0.48612903225806453,148.55991
2054,11,1.4656666666666665,-3.6076666666666664,729.6696599999999
2054,12,-1.0296774193548388,-7.1506451612903215,480.2151999999999
2054,2,1.188928571428571,-7.408214285714285,110.24827
2054,3,4.038387096774194,-5.035161290322581,304.06703999999996
2054,4,10.073,-2.1910000000000003,123.22890999999997
2054,5,16.559354838709673,2.516451612903226,44.24129999999999
2054,6,20.88533333333333,7.163333333333332,40.509069999999994
2054,7,24.11903225806452,9.880645161290321,9.95382
2054,8,22.680967741935476,9.057096774193548,6.111940000000001
2054,9,20.86,5.941000000000001,7.93116
2055,1,1.8538709677419354,-4.762258064516128,462.7430700000001
2055,10,9.264516129032257,-0.03419354838709703,167.17550999999997
2055,11,1.1753333333333336,-4.606,326.54916
2055,12,-0.6990322580645163,-7.009999999999999,272.34766999999994
2055,2,3.9217857142857135,-3.3789285714285713,531.90306
2055,3,7.106129032258063,-2.612258064516129,164.16723
2055,4,11.271333333333335,-1.312,32.360710000000005
2055,5,16.82709677419355,3.7038709677419357,52.912289999999985
2055,6,20.415333333333333,6.52,64.69242
2055,7,25.370645161290323,10.545806451612904,22.88338
2055,8,22.751612903225805,9.234516129032254,12.072099999999999
2055,9,17.85666666666667,7.0153333333333325,118.94864
2056,1,1.1709677419354838,-5.8183870967741935,348.1281800000001
2056,10,11.289032258064518,-0.8203225806451612,8.48152
2056,11,3.676333333333333,-4.311666666666667,98.88261
2056,12,-3.3238709677419354,-10.562903225806453,209.32998
2056,2,2.065862068965518,-5.950344827586207,209.47573
2056,3,4.376774193548387,-5.066129032258063,163.25555
2056,4,8.902999999999999,-2.1853333333333333,99.74419000000002
2056,5,14.961935483870969,2.641935483870968,96.78382
2056,6,19.072000000000003,5.665333333333334,33.23424000000001
2056,7,26.030322580645155,9.64967741935484,8.12747
2056,8,24.32645161290322,10.873225806451615,36.759139999999995
2056,9,21.413999999999998,7.792000000000001,32.270070000000004
2057,1,1.904516129032258,-3.970967741935483,212.42385999999996
2057,10,10.062258064516131,2.0906451612903227,214.70358999999996
2057,11,2.6783333333333332,-2.912666666666667,415.48784
2057,12,-0.40645161290322573,-6.17709677419355,238.34059
2057,2,0.9410714285714289,-7.295000000000002,332.24263
2057,3,6.51258064516129,-3.776774193548387,244.952
2057,4,6.901333333333335,-2.9826666666666672,138.52182000000002
2057,5,16.100322580645162,3.6603225806451607,107.97702000000001
2057,6,17.869000000000003,7.679,138.19911000000002
2057,7,22.634838709677418,9.69483870967742,56.148340000000005
2057,8,22.336451612903225,8.59064516129032,17.671369999999996
2057,9,20.865333333333336,6.462333333333334,7.22715
2058,1,3.083870967741935,-2.4261290322580646,577.4481599999999
2058,10,8.275806451612903,0.6887096774193546,216.16197999999994
2058,11,5.0616666666666665,-2.062333333333334,287.76926000000003
2058,12,0.055483870967741704,-6.699354838709676,60.898399999999995
2058,2,5.874642857142857,-4.068928571428572,98.67611999999998
2058,3,8.497096774193547,-3.8819354838709677,25.71602
2058,4,9.129999999999999,-3.884333333333333,91.16534999999999
2058,5,13.528387096774193,0.47645161290322585,38.65632000000001
2058,6,19.899000000000004,6.5823333333333345,27.198279999999997
2058,7,23.39032258064515,7.651290322580647,18.305159999999994
2058,8,24.946774193548386,9.35193548387097,18.005429999999997
2058,9,21.469333333333335,7.145666666666665,25.11606
2059,1,2.456451612903226,-4.246129032258065,405.88791999999995
2059,10,11.919677419354842,1.8412903225806447,323.81392000000005
2059,11,3.8923333333333336,-2.7939999999999996,219.08652999999998
2059,12,1.1538709677419356,-4.059354838709677,474.9681599999999
2059,2,0.47607142857142865,-7.762142857142857,243.69532999999998
2059,3,7.200967741935484,-2.621612903225806,261.69732999999997
2059,4,9.992333333333333,-0.8009999999999999,355.60544
2059,5,16.80258064516129,1.6970967741935483,10.657499999999999
2059,6,22.385666666666665,5.7973333333333334,3.8601900000000002
2059,7,24.499032258064513,7.341612903225806,3.00751
2059,8,25.285483870967735,9.389677419354838,3.3078900000000004
2059,9,20.811999999999998,5.825,9.46673
2060,1,0.5319354838709678,-5.727096774193548,290.66202999999996
2060,10,11.443870967741933,1.5429032258064515,51.4041
2060,11,3.541666666666667,-1.7203333333333335,710.3439500000001
2060,12,-1.8558064516129036,-8.823225806451614,605.2189999999999
2060,2,0.42034482758620645,-7.260344827586204,196.71310999999997
2060,3,4.353548387096774,-5.45483870967742,316.78632999999996
2060,4,11.449666666666667,-0.9973333333333332,142.42182999999997
2060,5,15.939032258064517,0.09354838709677411,41.048759999999994
2060,6,17.757666666666662,4.402333333333333,25.483560000000004
2060,7,20.29709677419355,8.035161290322582,15.12612
2060,8,21.93354838709677,8.78032258064516,9.860560000000001
2060,9,17.47266666666667,4.789,33.872690000000006
2061,1,1.416774193548387,-4.25516129032258,387.54427
2061,10,9.263870967741939,2.2503225806451614,271.05933999999996
2061,11,1.7836666666666665,-3.714,345.58439
2061,12,0.6299999999999999,-6.180967741935483,620.6733899999998
2061,2,4.160357142857142,-4.023214285714286,203.48785000000004
2061,3,7.530322580645162,-1.9599999999999995,142.51626000000002
2061,4,11.423333333333336,-0.6486666666666667,70.59081
2061,5,13.48451612903226,1.9529032258064518,61.029669999999996
2061,6,17.642666666666667,6.089333333333332,99.02877000000002
2061,7,24.961935483870967,8.768064516129032,6.17393
2061,8,23.88709677419355,11.058709677419355,72.41631
2061,9,17.891666666666662,5.257999999999999,29.57966
2062,1,0.4180645161290324,-5.96774193548387,874.56754
2062,10,12.53516129032258,3.290967741935485,161.06435000000002
2062,11,5.790000000000001,-0.38033333333333363,311.07076
2062,12,-0.12774193548387103,-6.064516129032257,435.72334999999987
2062,2,0.23142857142857112,-7.61357142857143,375.1602599999999
2062,3,5.83451612903226,-3.858387096774194,235.86184000000003
2062,4,12.93833333333333,-1.8746666666666671,86.20066000000001
2062,5,16.956451612903226,2.962258064516129,64.43345000000001
2062,6,19.169,5.530333333333334,41.02521
2062,7,25.373870967741937,8.814193548387099,25.857629999999997
2062,8,25.984516129032265,9.400322580645163,1.08626
2062,9,18.579666666666665,6.887,88.45614
2063,1,0.7222580645161291,-5.226774193548386,363.54052
2063,10,5.275161290322581,-1.8212903225806456,234.24764000000002
2063,11,-0.7283333333333334,-7.100333333333334,553.3635200000001
2063,12,-0.896774193548387,-7.8599999999999985,266.59191999999996
2063,2,0.9549999999999998,-7.6310714285714285,164.52087
2063,3,5.603548387096774,-4.527096774193548,194.34474000000003
2063,4,11.002,-1.145,103.12967
2063,5,14.795483870967743,3.521290322580645,79.68704000000001
2063,6,16.96333333333333,5.166666666666666,32.97709
2063,7,22.347741935483874,8.499032258064517,21.88863
2063,8,24.678387096774188,9.575161290322582,42.814919999999994
2063,9,16.053000000000004,4.411333333333333,93.30950999999999
2064,1,0.5264516129032257,-5.461612903225807,525.27661
2064,10,9.339999999999996,0.4493548387096774,191.4181
2064,11,4.204999999999999,-1.9183333333333332,239.99698
2064,12,2.354838709677419,-4.578709677419355,453.19217
2064,2,4.491034482758621,-4.16448275862069,116.72786999999997
2064,3,3.8319354838709683,-4.843548387096774,211.789
2064,4,8.655333333333335,-4.681666666666667,84.49730000000001
2064,5,17.238709677419354,1.8193548387096774,17.8718
2064,6,23.59,6.8340000000000005,23.050819999999998
2064,7,22.36677419354839,7.999999999999999,44.57648
2064,8,25.213225806451618,10.682903225806454,26.6333
2064,9,15.314999999999996,7.194999999999998,106.24101999999999
2065,1,-1.070322580645161,-7.525483870967742,413.31881
2065,10,9.825806451612902,1.5783870967741935,386.41025
2065,11,-0.608,-6.600333333333335,359.54299999999995
2065,12,-0.17483870967741955,-7.120645161290323,506.98806999999994
2065,2,3.3878571428571433,-4.85,52.559380000000004
2065,3,4.528064516129032,-4.464516129032258,134.87481999999997
2065,4,8.125666666666667,-2.1866666666666665,144.84726000000003
2065,5,12.828387096774195,0.5109677419354843,95.87593000000001
2065,6,19.355999999999998,5.423333333333334,16.233520000000002
2065,7,24.80548387096774,7.825161290322581,0.82001
2065,8,23.835806451612903,8.72,27.671409999999998
2065,9,13.847666666666665,3.6030000000000006,157.59293
2066,1,1.0312903225806451,-5.620322580645161,477.4960199999999
2066,10,13.251612903225809,2.394193548387096,77.54073
2066,11,0.26200000000000007,-5.429333333333334,534.43092
2066,12,-2.48258064516129,-9.546774193548387,121.52886999999998
2066,2,2.665714285714285,-5.343214285714285,203.51540999999997
2066,3,5.118064516129032,-3.56,175.96993999999995
2066,4,8.966333333333335,-2.792666666666667,154.19193
2066,5,11.28451612903226,-1.0893548387096774,73.26668
2066,6,20.183666666666664,5.684333333333334,22.98653
2066,7,25.911290322580648,10.77032258064516,5.931209999999999
2066,8,24.934516129032247,9.625161290322582,20.808320000000002
2066,9,15.985999999999999,5.485333333333332,157.27368
2067,1,-0.27999999999999997,-5.903548387096774,442.89044
2067,10,6.599032258064514,0.048709677419354946,243.38054000000002
2067,11,0.2456666666666661,-4.801666666666665,525.66208
2067,12,0.014838709677419518,-6.368064516129031,472.39569
2067,2,3.4871428571428575,-4.457142857142856,372.5578000000001
2067,3,5.596774193548388,-4.849354838709678,100.90503000000001
2067,4,9.753666666666668,-3.5079999999999996,28.311709999999998
2067,5,13.51193548387097,0.39225806451612877,56.510650000000005
2067,6,18.606333333333335,4.762666666666666,43.887299999999996
2067,7,25.307741935483868,11.57677419354839,37.90673000000001
2067,8,21.623225806451615,8.40032258064516,124.31111
2067,9,14.939333333333334,5.295333333333334,134.3623
2068,1,-0.6154838709677419,-6.680000000000001,663.0372099999998
2068,10,7.610967741935484,-0.8999999999999999,46.64201999999999
2068,11,-1.4576666666666669,-7.334666666666667,204.4923
2068,12,-3.7903225806451615,-11.198064516129033,413.93052
2068,2,2.2127586206896552,-5.708965517241379,437.73526000000004
2068,3,4.28774193548387,-4.179032258064517,261.75368999999995
2068,4,6.762666666666665,-3.9156666666666666,78.61697
2068,5,14.241935483870966,-0.27161290322580606,52.35289
2068,6,18.109333333333336,3.644333333333334,26.532919999999997
2068,7,25.99161290322581,9.469677419354836,11.110669999999999
2068,8,22.040000000000003,6.646129032258066,9.90703
2068,9,15.506666666666666,4.815666666666666,54.54209999999999
2069,1,0.4048387096774193,-6.461290322580644,334.40274000000005
2069,10,14.212903225806453,2.4596774193548376,33.756679999999996
2069,11,2.2436666666666665,-4.502666666666666,344.91605999999996
2069,12,1.0035483870967743,-7.008709677419354,17.04032
2069,2,0.33464285714285724,-8.139999999999999,406.4368200000001
2069,3,5.442580645161291,-3.56516129032258,171.38029000000003
2069,4,8.481,-2.057,175.83449
2069,5,15.764193548387098,2.8254838709677426,61.653629999999986
2069,6,17.462999999999997,4.324333333333333,50.72014000000001
2069,7,20.926451612903218,9.559999999999999,56.070110000000014
2069,8,24.75419354838709,11.971290322580645,11.202479999999998
2069,9,19.817666666666675,6.276333333333332,28.72164
2070,1,-0.10419354838709688,-7.034516129032256,284.31674
2070,10,10.2258064516129,-0.48451612903225805,97.10257999999999
2070,11,2.2960000000000003,-2.8609999999999998,503.84082
2070,12,0.3693548387096775,-7.156129032258065,150.15081999999998
2070,2,1.2575,-6.370714285714285,199.85353
2070,3,5.058709677419355,-4.010645161290323,321.2380000000001
2070,4,10.572333333333331,-1.0623333333333336,100.70741000000001
2070,5,9.904838709677417,-0.14419354838709686,299.43679000000003
2070,6,14.262666666666666,4.354,66.61765000000001
2070,7,23.81451612903226,10.457096774193545,25.624250000000004
2070,8,23.834838709677424,11.239032258064519,44.4138
2070,9,20.95733333333333,7.199333333333332,23.563249999999996
2071,1,1.7045161290322575,-4.58516129032258,333.27752000000004
2071,10,8.820322580645161,4.094516129032259,510.00475000000006
2071,11,2.753333333333333,-2.7999999999999994,324.2658
2071,12,2.713225806451613,-4.0938709677419345,230.06570999999997
2071,2,3.523571428571429,-4.895714285714286,316.66296
2071,3,7.448064516129032,-3.174193548387097,179.07508
2071,4,7.482666666666666,-3.9,151.54775
2071,5,16.04741935483871,1.7851612903225809,73.27865999999999
2071,6,17.381333333333334,5.3966666666666665,73.17635999999999
2071,7,25.080645161290324,10.360645161290321,9.03064
2071,8,26.45193548387097,13.903548387096771,38.91571
2071,9,19.87266666666666,8.670333333333334,73.37015999999998
2072,1,1.1883870967741936,-4.520000000000001,308.70381
2072,10,8.95741935483871,1.255483870967742,211.75959
2072,11,3.4983333333333326,-2.7816666666666667,228.03188000000006
2072,12,1.080322580645162,-7.6561290322580655,146.76349999999996
2072,2,3.18,-4.762758620689654,184.75488
2072,3,6.099677419354839,-2.9103225806451603,444.7047300000001
2072,4,9.069666666666667,-3.666000000000001,62.21427
2072,5,14.24451612903226,1.0029032258064516,28.94791
2072,6,18.016333333333332,4.289333333333333,23.19756
2072,7,25.08161290322581,9.251290322580644,16.35317
2072,8,26.343548387096778,10.402258064516129,14.68554
2072,9,15.598333333333334,6.0473333333333334,311.4225
2073,1,2.6103225806451613,-4.454516129032259,332.87697
2073,10,10.158064516129034,1.4248387096774193,127.15617
2073,11,5.929666666666665,-2.1839999999999997,59.087149999999994
2073,12,-1.6993548387096777,-8.983225806451614,335.2158399999999
2073,2,2.0982142857142856,-5.424642857142857,365.78447
2073,3,4.944193548387097,-4.3999999999999995,282.81532
2073,4,10.23633333333333,-2.4073333333333338,106.77374999999999
2073,5,13.091935483870968,2.910322580645161,136.20152000000002
2073,6,17.11966666666667,5.086000000000001,64.56119000000001
2073,7,19.61709677419355,9.21967741935484,24.50256
2073,8,27.01612903225806,12.66225806451613,7.275949999999999
2073,9,17.230999999999995,5.277333333333332,45.70353
2074,1,3.3251612903225807,-5.254838709677419,564.5909799999998
2074,10,9.01774193548387,1.8796774193548387,167.28651
2074,11,5.679333333333334,-0.17866666666666656,274.39628
2074,12,2.551935483870968,-3.717741935483871,364.88307999999995
2074,2,5.7924999999999995,-1.2960714285714285,169.52327000000002
2074,3,7.807419354838708,-2.1403225806451616,224.54395999999997
2074,4,11.255999999999997,-0.8806666666666667,82.14862999999998
2074,5,12.901290322580651,3.479032258064516,100.41753
2074,6,21.023999999999997,6.321999999999997,17.608919999999998
2074,7,23.480322580645158,8.475161290322582,2.96162
2074,8,23.04483870967742,10.084193548387097,18.17361
2074,9,17.940666666666665,5.521,60.43099
2075,1,4.09483870967742,-1.1822580645161287,643.0860700000001
2075,10,7.175483870967743,0.03741935483870981,336.66534
2075,11,0.7156666666666667,-5.915333333333334,67.52196
2075,12,-2.6329032258064524,-9.421290322580646,405.8260899999999
2075,2,5.088928571428572,-3.1728571428571426,275.4549799999999
2075,3,3.7206451612903226,-4.809032258064517,178.90537999999998
2075,4,6.030333333333333,-2.991,294.29475
2075,5,12.108709677419354,0.7990322580645158,125.69276
2075,6,22.338666666666665,6.553666666666667,24.12725
2075,7,22.28612903225806,7.875806451612903,25.512400000000003
2075,8,21.55258064516129,6.282903225806452,22.25612
2075,9,17.242666666666665,4.850333333333333,38.29925
2076,1,3.2370967741935486,-4.687096774193548,743.6162500000002
2076,10,9.740000000000002,0.8512903225806453,299.66345
2076,11,4.204,-3.7983333333333333,117.64586000000001
2076,12,1.1167741935483875,-5.500645161290322,216.24179999999998
2076,2,4.745517241379311,-5.129999999999999,242.87957000000003
2076,3,5.618387096774194,-3.894193548387097,272.18918999999994
2076,4,12.723333333333333,-0.2973333333333334,71.39160999999999
2076,5,16.50258064516129,0.42161290322580647,19.84064
2076,6,21.850000000000005,5.597666666666667,7.29576
2076,7,27.041612903225808,10.698709677419355,4.87644
2076,8,22.918387096774186,8.594838709677417,8.86477
2076,9,19.460333333333327,4.168333333333333,3.9374399999999996
2077,1,3.7238709677419353,-3.272258064516129,241.98819000000003
2077,10,15.337741935483868,6.240322580645163,108.09276000000001
2077,11,4.159666666666667,-3.6323333333333343,343.90599999999995
2077,12,-3.2093548387096775,-10.681612903225806,288.23411000000004
2077,2,1.4200000000000002,-6.640714285714286,101.68258999999998
2077,3,6.523870967741935,-2.697096774193548,333.04168
2077,4,10.344333333333333,-0.48499999999999993,110.33878
2077,5,14.493225806451616,1.9361290322580644,44.44681
2077,6,22.93066666666667,6.387333333333333,11.536850000000001
2077,7,28.529354838709672,11.981935483870968,16.97683
2077,8,26.58612903225806,10.77903225806452,10.3812
2077,9,18.39333333333333,6.165333333333332,37.805609999999994
2078,1,-1.7145161290322581,-8.701935483870969,156.76291999999998
2078,10,10.1,2.088709677419355,88.79884
2078,11,0.38833333333333314,-4.893000000000001,460.7347
2078,12,1.043225806451613,-4.781290322580647,383.82056
2078,2,-0.11035714285714285,-8.586428571428572,377.91846
2078,3,7.6677419354838685,-2.9012903225806452,287.92314000000005
2078,4,7.835666666666667,-2.969,103.68892
2078,5,13.910322580645161,1.4912903225806453,40.33405
2078,6,19.064333333333334,6.586666666666668,43.08727
2078,7,26.00903225806451,11.337419354838707,26.15625
2078,8,23.815483870967746,9.252258064516132,22.32202
2078,9,19.438666666666663,6.969666666666668,53.08214
2079,1,3.880322580645162,-2.6241935483870966,322.55609000000004
2079,10,12.08612903225807,2.373548387096774,188.24543999999997
2079,11,3.259999999999999,-2.647,469.44011000000006
2079,12,-2.247741935483871,-8.696451612903228,390.17473000000007
2079,2,6.261071428571429,-3.9878571428571434,130.73510000000002
2079,3,9.285806451612904,-0.6806451612903226,184.49199000000004
2079,4,12.164333333333333,-0.9460000000000001,35.14808000000001
2079,5,20.934193548387103,3.5132258064516124,29.07226
2079,6,17.27666666666666,4.692333333333332,87.59648999999999
2079,7,24.991290322580646,9.124193548387096,8.171830000000002
2079,8,29.79096774193548,14.851290322580645,10.265929999999997
2079,9,20.583000000000002,7.711666666666667,20.199299999999997
2080,1,-0.71741935483871,-8.147096774193548,336.19528999999994
2080,10,10.844516129032261,1.0664516129032262,195.55803
2080,11,2.627,-2.9636666666666662,445.8852999999999
2080,12,-0.5812903225806451,-7.444193548387097,187.98878
2080,2,1.451034482758621,-5.741724137931035,239.58978
2080,3,5.169677419354839,-3.589677419354839,318.40019
2080,4,11.463666666666665,-0.21833333333333324,64.86838999999999
2080,5,16.578387096774197,3.5341935483870963,73.20092000000001
2080,6,22.711999999999996,7.197333333333334,5.865410000000001
2080,7,23.19548387096775,9.191290322580645,128.45110999999997
2080,8,23.844838709677422,10.153225806451612,11.58494
2080,9,20.490666666666666,6.569000000000002,27.168269999999996
2081,1,3.0338709677419353,-3.2129032258064525,490.69225000000006
2081,10,13.782258064516132,3.2064516129032254,75.29319000000001
2081,11,1.459333333333333,-4.607000000000001,245.09811000000005
2081,12,1.9796774193548385,-4.529677419354839,455.5415900000001
2081,2,5.096428571428573,-2.966071428571429,333.56304
2081,3,6.764516129032258,-2.643870967741935,175.16986999999997
2081,4,10.087333333333337,-2.5103333333333335,120.43020000000001
2081,5,12.196129032258067,0.3280645161290322,98.38046000000001
2081,6,18.94,5.415666666666667,33.6732
2081,7,25.68483870967741,10.75806451612903,22.459159999999997
2081,8,23.042580645161287,9.59741935483871,22.453129999999998
2081,9,17.758333333333333,6.192333333333334,77.66236
2082,1,0.1448387096774197,-6.727419354838711,22.39983
2082,10,8.05225806451613,2.231612903225807,349.11560000000003
2082,11,3.071666666666667,-2.4223333333333334,605.7201800000001
2082,12,3.2409677419354836,-2.256774193548387,751.75057
2082,2,0.956785714285714,-6.882142857142859,205.16114
2082,3,5.7380645161290325,-3.887096774193549,226.83796000000004
2082,4,8.376999999999999,-1.4040000000000004,204.25911999999997
2082,5,13.67193548387097,0.2490322580645161,66.72932
2082,6,21.791666666666668,6.141999999999999,38.85707999999999
2082,7,24.037096774193547,9.82,22.935209999999998
2082,8,23.003870967741932,8.756451612903225,13.440380000000001
2082,9,19.567000000000004,5.010333333333333,9.01609
2083,1,-0.051935483870967726,-6.27258064516129,329.85600000000005
2083,10,10.353548387096778,0.7654838709677424,38.010149999999996
2083,11,3.142000000000001,-2.389,340.8557300000001
2083,12,-7.26741935483871,-15.243548387096778,324.25908999999996
2083,2,0.039285714285714084,-6.8692857142857155,440.1217999999999
2083,3,6.943548387096772,-3.642258064516129,218.53431
2083,4,12.124666666666672,-0.7340000000000003,68.10302000000001
2083,5,16.153548387096777,1.141935483870968,45.042590000000004
2083,6,19.86966666666666,5.944000000000002,48.77313
2083,7,25.230000000000004,10.233870967741934,21.18191
2083,8,28.00258064516129,11.16903225806452,1.47902
2083,9,16.018666666666668,5.029666666666667,115.06316
2084,1,4.1332258064516125,-1.2438709677419353,689.1930600000003
2084,10,8.391290322580646,-0.4564516129032258,159.34176000000002
2084,11,3.685333333333333,-4.2860000000000005,112.33773000000001
2084,12,-2.775806451612903,-9.465806451612902,214.07687000000004
2084,2,4.886896551724138,-2.899310344827585,294.37537000000003
2084,3,7.314193548387098,-1.7790322580645164,202.09492
2084,4,11.770666666666667,-1.2986666666666664,69.11979999999998
2084,5,15.447096774193545,3.4254838709677413,79.48268000000003
2084,6,17.181666666666665,5.1240000000000006,77.09969000000001
2084,7,24.459999999999994,10.56709677419355,144.31596000000002
2084,8,24.543225806451613,10.868064516129033,54.90113
2084,9,18.219000000000005,7.276,171.06699
2085,1,1.8364516129032258,-4.962258064516129,289.32613999999995
2085,10,10.220322580645162,2.198064516129031,410.94737000000003
2085,11,1.6916666666666667,-2.8649999999999998,840.5365099999999
2085,12,-0.823225806451613,-8.078387096774193,530.1840000000001
2085,2,-2.202857142857142,-10.275714285714285,36.77811
2085,3,3.2496774193548386,-5.069354838709676,84.45582
2085,4,10.022666666666668,-2.697666666666665,160.17087999999998
2085,5,13.73225806451613,0.9793548387096774,77.44729000000001
2085,6,19.253999999999998,4.84,22.336370000000002
2085,7,24.09677419354839,7.2538709677419355,4.25861
2085,8,22.62838709677419,8.965806451612902,41.53397
2085,9,21.644000000000002,9.014666666666667,99.1506
2086,1,3.4700000000000006,-3.732258064516129,625.61397
2086,10,10.422258064516132,1.4351612903225806,239.25620999999995
2086,11,0.9789999999999999,-4.434333333333334,262.23851
2086,12,-3.816451612903225,-10.782580645161293,321.59844
2086,2,2.0510714285714284,-5.807142857142857,313.80698
2086,3,2.2987096774193545,-5.513870967741935,383.3338399999999
2086,4,7.292666666666666,-4.923,103.70005999999998
2086,5,14.626774193548385,-0.38806451612903203,14.14844
2086,6,18.961,5.704999999999999,45.44442000000001
2086,7,24.16,7.15258064516129,9.77922
2086,8,25.203870967741935,10.712258064516128,13.460210000000002
2086,9,20.012999999999995,6.794999999999999,41.95409
2087,1,-0.3764516129032259,-5.04290322580645,715.0649999999998
2087,10,11.981290322580644,1.9858064516129035,56.446659999999994
2087,11,1.5536666666666668,-4.167666666666666,181.8329
2087,12,-2.6729032258064516,-10.444193548387098,149.48399
2087,2,1.0621428571428573,-6.0860714285714295,229.53354000000002
2087,3,5.459677419354838,-3.72258064516129,336.1395799999999
2087,4,7.808333333333334,-2.899666666666666,148.57321
2087,5,11.360000000000001,1.0203225806451612,111.80408
2087,6,22.433,6.871666666666666,36.05298
2087,7,26.522903225806452,9.761935483870968,9.37248
2087,8,24.753870967741936,9.487741935483871,11.612359999999999
2087,9,18.052666666666667,4.8309999999999995,40.84058000000001
2088,1,1.5816129032258062,-4.427096774193549,598.6111700000001
2088,10,12.46290322580645,1.5061290322580643,12.733569999999999
2088,11,2.3386666666666662,-3.178666666666667,475.32023999999996
2088,12,-3.044193548387097,-8.729354838709675,372.70214999999996
2088,2,1.8596551724137929,-5.402068965517242,236.48666
2088,3,4.815483870967742,-4.099032258064517,144.61077
2088,4,10.489666666666666,-1.8596666666666668,74.18673000000003
2088,5,11.03032258064516,-0.6016129032258064,71.06693999999999
2088,6,22.110333333333337,6.917999999999998,8.15794
2088,7,24.016451612903225,9.649677419354838,64.97688000000001
2088,8,24.817741935483873,8.943225806451613,10.80393
2088,9,16.48966666666666,5.307333333333332,90.91794
2089,1,1.9096774193548387,-4.497741935483872,238.07153000000002
2089,10,12.866129032258064,4.608064516129031,480.58162000000004
2089,11,4.363333333333333,-2.383666666666667,306.71238
2089,12,-1.7609677419354843,-8.543225806451614,668.4591700000001
2089,2,5.547857142857144,-3.364285714285714,234.34024000000002
2089,3,9.9141935483871,-0.43838709677419335,106.20976000000002
2089,4,12.633333333333333,0.3293333333333333,55.08041000000001
2089,5,17.418387096774193,2.757419354838709,31.06652
2089,6,20.269333333333332,6.252999999999999,78.05850000000001
2089,7,22.530967741935484,11.445161290322579,78.51676
2089,8,22.631612903225808,12.07193548387097,194.39977
2089,9,16.553333333333335,6.973000000000001,216.80345
2090,1,0.6348387096774195,-5.584193548387096,247.88881000000003
2090,10,9.676451612903227,2.0745161290322582,213.87537999999995
2090,11,3.0823333333333336,-4.141,469.3606899999999
2090,12,0.2248387096774192,-6.236129032258066,550.6369299999999
2090,2,6.978928571428569,-3.1589285714285715,142.50116000000003
2090,3,4.63032258064516,-4.538064516129033,237.74864
2090,4,7.482666666666669,-3.95,70.48374999999999
2090,5,16.92741935483871,1.9461290322580644,44.69981000000001
2090,6,18.429,4.965000000000001,58.99373
2090,7,21.66548387096774,8.324516129032258,51.73903999999999
2090,8,26.79677419354839,11.421290322580646,9.8452
2090,9,19.149,5.477333333333333,22.04321
2091,1,2.1064516129032262,-3.1161290322580646,704.80103
2091,10,9.416774193548388,0.09193548387096824,153.40845000000002
2091,11,2.2350000000000003,-4.8839999999999995,258.29584000000006
2091,12,1.3616129032258066,-6.006451612903224,701.1544800000001
2091,2,4.2510714285714295,-3.1557142857142857,218.95376000000002
2091,3,7.042903225806451,-3.461935483870968,140.68868999999998
2091,4,10.288666666666666,-2.4506666666666663,234.39722999999998
2091,5,15.246774193548388,1.8193548387096772,37.669
2091,6,19.342333333333336,4.301666666666667,8.514
2091,7,26.792903225806448,9.447096774193549,13.79574
2091,8,26.674193548387105,9.83,3.3982900000000003
2091,9,19.853333333333335,6.599333333333332,35.71403
2092,1,3.571612903225807,-2.9135483870967738,391.68182999999993
2092,10,9.601612903225806,2.4383870967741945,168.10539000000003
2092,11,3.961333333333333,-3.6653333333333338,120.79061
2092,12,1.0754838709677423,-5.29,387.98250000000013
2092,2,0.5751724137931035,-6.638965517241379,355.41492
2092,3,2.6358064516129036,-5.23258064516129,202.39369
2092,4,8.633666666666667,-2.1436666666666664,135.77903
2092,5,14.797741935483874,-0.21032258064516127,29.980189999999997
2092,6,19.022666666666666,4.435666666666666,23.395810000000004
2092,7,26.60870967741936,8.850000000000001,1.26746
2092,8,22.174838709677413,9.329677419354839,35.907340000000005
2092,9,19.958666666666666,7.320333333333333,89.465
2093,1,-1.6196774193548384,-8.061290322580644,418.22085000000004
2093,10,11.042903225806452,3.589677419354839,310.18751999999995
2093,11,2.436333333333333,-2.8310000000000004,498.64768000000004
2093,12,0.28677419354838724,-6.958709677419355,452.45967
2093,2,3.6232142857142864,-4.005357142857142,398.48026000000004
2093,3,5.926451612903225,-2.959677419354838,356.04495
2093,4,12.833666666666668,-0.5713333333333334,37.74311
2093,5,13.731290322580644,0.2816129032258066,65.9522
2093,6,22.451666666666668,5.582666666666666,5.33881
2093,7,25.207419354838706,8.738387096774193,5.0724599999999995
2093,8,26.474193548387092,10.97225806451613,6.57471
2093,9,17.38066666666667,4.216666666666668,24.48037
2094,1,1.1580645161290317,-5.437741935483872,500.52691000000004
2094,10,11.018387096774191,1.6925806451612904,234.01222999999996
2094,11,2.964333333333335,-3.297,406.799
2094,12,2.433225806451613,-4.7861290322580645,135.36536
2094,2,1.8225,-5.95142857142857,228.58192
2094,3,5.308387096774194,-3.4012903225806457,159.77640000000002
2094,4,9.821,-1.7809999999999997,209.33812000000003
2094,5,21.592903225806452,4.394516129032258,14.08154
2094,6,21.157333333333334,6.515666666666666,30.06415
2094,7,26.243548387096777,10.82548387096774,4.5576099999999995
2094,8,24.484838709677422,12.640967741935484,67.96153000000001
2094,9,19.787333333333333,7.233333333333334,54.71146999999999
2095,1,3.4399999999999995,-3.4538709677419352,446.96724
2095,10,10.42225806451613,1.3099999999999996,89.58797000000001
2095,11,5.144000000000002,-1.4269999999999998,268.77034000000003
2095,12,1.845806451612903,-4.314193548387097,762.9732799999999
2095,2,4.108214285714285,-2.628571428571429,534.5012899999999
2095,3,3.416774193548387,-4.980645161290322,157.146
2095,4,8.093333333333335,-4.214000000000001,60.32509000000001
2095,5,18.631935483870965,3.3351612903225805,85.69922000000001
2095,6,18.947000000000003,5.766000000000001,33.87505
2095,7,22.530967741935488,8.35967741935484,21.331239999999998
2095,8,24.09774193548387,9.517096774193549,6.72569
2095,9,17.906333333333336,6.6356666666666655,53.068059999999996
2096,1,3.8251612903225807,-3.2948387096774194,385.60391999999996
2096,10,6.229032258064515,-0.6893548387096774,155.48845
2096,11,3.1359999999999997,-3.188333333333333,247.55574000000001
2096,12,3.5870967741935487,-2.915806451612903,377.78886
2096,2,7.665172413793104,-1.093448275862069,183.19297999999998
2096,3,7.573225806451612,-2.896451612903225,101.75640000000001
2096,4,10.534666666666668,-0.18966666666666676,176.15921000000006
2096,5,12.887419354838709,0.3206451612903224,109.98103000000002
2096,6,20.880999999999997,6.537,53.515080000000005
2096,7,24.64806451612903,8.816451612903226,23.992369999999998
2096,8,24.98612903225806,10.44935483870968,13.75314
2096,9,18.01733333333333,6.136666666666668,56.2332
2097,1,1.2629032258064519,-5.74032258064516,459.73175000000003
2097,10,12.018709677419352,1.9048387096774193,174.96141
2097,11,3.7086666666666663,-2.1053333333333333,231.25866
2097,12,-1.2732258064516124,-9.060967741935483,205.60154
2097,2,2.1610714285714283,-5.665714285714286,431.75263
2097,3,6.693225806451614,-2.3858064516129036,328.92197999999996
2097,4,11.295333333333334,0.27133333333333326,103.62451999999999
2097,5,17.144193548387094,3.4967741935483874,28.500369999999997
2097,6,20.53466666666667,4.672333333333333,3.47684
2097,7,27.00290322580645,11.329354838709675,20.11663
2097,8,27.590645161290325,12.356451612903225,8.0244
2097,9,21.15033333333333,8.182,28.39954
2098,1,3.6006451612903216,-2.1767741935483875,483.4319900000001
2098,10,11.573548387096773,1.642258064516129,185.81696
2098,11,2.462333333333333,-3.491333333333333,244.80722999999998
2098,12,-0.6083870967741934,-6.559999999999999,480.4984199999999
2098,2,5.051071428571431,-2.7135714285714285,317.16596999999996
2098,3,6.185161290322581,-2.2299999999999995,179.58290999999997
2098,4,10.694333333333335,-2.0776666666666666,69.26004999999999
2098,5,16.43516129032258,3.103870967741936,70.70146
2098,6,17.776333333333334,5.117999999999999,62.77049000000001
2098,7,27.00580645161291,11.370967741935484,26.723020000000005
2098,8,26.959354838709675,13.02774193548387,14.376739999999998
2098,9,16.444333333333336,4.457,52.08741
2099,1,2.3245161290322582,-3.795483870967742,397.25062999999994
2099,10,13.185161290322583,1.6696774193548392,246.21741
2099,11,3.5003333333333346,-4.069,155.51371
2099,12,2.2519354838709678,-4.32709677419355,302.94229
2099,2,6.445357142857143,-2.3024999999999998,332.0308299999999
2099,3,8.316774193548387,-1.3593548387096774,256.64043000000004
2099,4,7.546666666666665,-1.5596666666666665,164.59895000000003
2099,5,13.758709677419354,1.5551612903225807,97.11632
2099,6,19.847333333333335,6.681333333333332,10.94639
2099,7,30.881935483870972,14.158387096774193,9.827
2099,8,23.74741935483871,8.904838709677417,16.29524
2099,9,17.201666666666664,6.457,74.21643999999999
